0;79.000 €;Piso;PisoCarrer Antoni Botey, 36, Montigalà - Sant Crist;https://www.fotocasa.es/es/comprar/vivienda/badalona/amueblado/159354413/d
1;77.250 €;Piso;PisoSanta Joana de L´estonnac, Artigues - Llefià;https://www.fotocasa.es/es/comprar/vivienda/badalona/amueblado/159152923/d
2;85.000 €;Piso;PisoArtigues - Llefià;https://www.fotocasa.es/es/comprar/vivienda/badalona/aire-acondicionado/158940753/d
3;99.000 €;Piso;PisoCarrer de Sagrada Família, Artigues - Llefià;https://www.fotocasa.es/es/comprar/vivienda/badalona/ascensor/159500658/d
4;80.000 €;Piso;PisoArtigues - Llefià;https://www.fotocasa.es/es/comprar/vivienda/badalona/terraza/159496629/d
5;59.900 €;Loft;LoftSalut - Lloreda;https://www.fotocasa.es/es/comprar/vivienda/badalona/aire-acondicionado-ascensor/159429344/d
6;88.000 €;Piso;PisoRicard Strauss, Artigues - Llefià;https://www.fotocasa.es/es/comprar/vivienda/badalona/terraza-trastero/158069259/d
7;100.000 €;Piso;PisoEmporda, Montigalà - Sant Crist;https://www.fotocasa.es/es/comprar/vivienda/badalona/terraza/154788828/d
8;75.000 €;Piso;PisoCalderon de la Barca, Salut - Lloreda;https://www.fotocasa.es/es/comprar/vivienda/badalona/la-salut/158151925/d
9;70.000 €;Piso;PisoAngel Guimera, Montigalà - Sant Crist;https://www.fotocasa.es/es/comprar/vivienda/badalona/ascensor/157574445/d
10;94.000 €;Piso;PisoGorg - Progrés;https://www.fotocasa.es/es/comprar/vivienda/badalona/congres/159051544/d
11;80.000 €;Piso;PisoCalderon de la Barca, 34, Salut - Lloreda;https://www.fotocasa.es/es/comprar/vivienda/badalona/la-salut/159346553/d
12;88.000 €;Piso;PisoCarrer Calderon de la Barca, Salut - Lloreda;https://www.fotocasa.es/es/comprar/vivienda/badalona/no-amueblado/155661967/d
13;100.000 €;Piso;PisoCentre Badalona;https://www.fotocasa.es/es/comprar/vivienda/badalona/aire-acondicionado-terraza/158241569/d
14;95.000 €;Piso;PisoCarrer de Madrid, 8, Artigues - Llefià;https://www.fotocasa.es/es/comprar/vivienda/badalona/ascensor-se-aceptan-mascotas-no-amueblado/155715074/d
15;89.000 €;Planta baja;Planta bajaGenova, Montigalà - Sant Crist;https://www.fotocasa.es/es/comprar/vivienda/badalona/puigfred/159026050/d
16;91.500 €;Estudio;EstudioCarrer Dalt Dels Banus, Artigues - Llefià;https://www.fotocasa.es/es/comprar/vivienda/badalona/aire-acondicionado/159043998/d
17;79.900 €;Piso;PisoCarrer Antoni Botey, 34, Montigalà - Sant Crist;https://www.fotocasa.es/es/comprar/vivienda/badalona/aire-acondicionado-parking-amueblado/159486548/d
18;79.990 €;Piso;PisoCarrer de Calderón de la Barca, S/n, Salut - Lloreda;https://www.fotocasa.es/es/comprar/vivienda/badalona/aire-acondicionado-calefaccion-amueblado/159480418/d
19;96.500 €;Piso;PisoCarrer Ricard Strauss, Salut - Lloreda;https://www.fotocasa.es/es/comprar/vivienda/badalona/aire-acondicionado-calefaccion-terraza-amueblado/159477534/d
20;95.000 €;Piso;PisoCarrer Calderon de la Barca, Salut - Lloreda;https://www.fotocasa.es/es/comprar/vivienda/badalona/la-salut/159408803/d
21;95.000 €;Piso;PisoArtigues - Llefià;https://www.fotocasa.es/es/comprar/vivienda/badalona/llefia/156104370/d
22;91.200 €;Piso;PisoArtigues - Llefià;https://www.fotocasa.es/es/comprar/vivienda/badalona/llefia/158450123/d
23;99.500 €;Piso;PisoCarrer Pau Piferrer, Salut - Lloreda;https://www.fotocasa.es/es/comprar/vivienda/badalona/la-salut/158901794/d
24;79.000 €;Piso;PisoArtigues - Llefià;https://www.fotocasa.es/es/comprar/vivienda/badalona/aire-acondicionado-calefaccion/159469113/d
25;90.000 €;Piso;PisoCarrer de la Camèlia, Centre Badalona;https://www.fotocasa.es/es/comprar/vivienda/badalona/terraza-trastero-patio/157626316/d
26;83.000 €;Piso;PisoCarrer de Nàpols, Salut - Lloreda;https://www.fotocasa.es/es/comprar/vivienda/badalona/la-salut/158591953/d
27;93.000 €;Piso;PisoCarrer de Jerez de la Frontera, Artigues - Llefià;https://www.fotocasa.es/es/comprar/vivienda/badalona/amueblado-se-aceptan-mascotas/158680942/d
28;89.000 €;Piso;PisoFloridablanca, Salut - Lloreda;https://www.fotocasa.es/es/comprar/vivienda/badalona/no-amueblado/158819566/d
29;99.000 €;Piso;PisoArtigues - Llefià;https://www.fotocasa.es/es/comprar/vivienda/badalona/sant-roc/158555049/d
30;75.000 €;Piso;PisoSalut - Lloreda;https://www.fotocasa.es/es/comprar/vivienda/badalona/la-salut/159440548/d
